Name;Identity;Birth place;Publisher;Height;Weight;Gender;First appearance;Eye color;Hair color;Strength;Intelligence
A-Bomb;Richard Milhouse Jones;Scarsdale, Arizona;Marvel Comics;203.21000000000001;441.94999999999999;M;2008;Yellow;No Hair;100;moderate
Abraxas;Abraxas;Within Eternity ;Marvel Comics;;;M;;Blue;Black;100;high
Abomination;Emil Blonsky;Zagreb, Yugoslavia;Marvel Comics;203.03999999999999;441.98000000000002;M;;Green;No Hair;80;good
Adam Monroe;;;NBC - Heroes;;;M;;Blue;Blond;10;good
Agent 13;Sharon Carter;;Marvel Comics;173.41;61.030000000000001;F;;Blue;Blond;;
Air-Walker;Gabriel Lan;Xandar, a planet in the Tranta system, Andromeda galaxy;Marvel Comics;188.59;108.23;M;;Blue;White;85;average
Agent Bob;Bob;;Marvel Comics;178.25;81.450000000000003;M;2007;Brown;Brown;10;low
Abe Sapien;Abraham Sapien;;Dark Horse Comics;191.24000000000001;65.349999999999994;M;1993;Blue;No Hair;30;high
Abin Sur;;Ungara;DC Comics;185.52000000000001;90.900000000000006;M;1959;Blue;No Hair;90;average
Angela;;;Image Comics;;;F;;;;100;high
Animal Man;Bernhard Baker;;DC Comics;183.80000000000001;83.390000000000001;M;1965;Blue;Blond;50;average
Agent Zero;Christoph Nord;Unrevealed location in former East Germany ;Marvel Comics;191.28999999999999;104.17;M;;;;30;good
Colin Wagner;;;HarperCollins;;;M;;Grey;Brown;;
Angel Dust;Christina;;Marvel Comics;165.78;57.210000000000001;F;;Yellow;Black;55;moderate
Angel Salvadore;Angel Salvadore Bohusk;;Marvel Comics;163.56999999999999;54.670000000000002;F;2001;Brown;Black;10;moderate
Zoom;Hunter Zolomon;;DC Comics;185.90000000000001;81.930000000000007;M;;Red;Brown;10;average
Lady Deathstrike;Yuriko Oyama;Osaka, Japan;Marvel Comics;175.84999999999999;58.890000000000001;F;1985;Brown;Black;30;good
Yoda;Yoda;;George Lucas;66.290000000000006;17.010000000000002;M;1980;Brown;White;55;high
Zatanna;Zatanna Zatara;;DC Comics;170.28999999999999;57.770000000000003;F;;Blue;Black;10;high
Yellowjacket II;Rita DeMara;;Marvel Comics;165.58000000000001;52.359999999999999;F;;Blue;Strawberry Blond;10;average
Yellowjacket;Hank Pym;Elmsford, New York;Marvel Comics;183.03;83.709999999999994;M;;Blue;Blond;10;high
Yellow Claw;;Somewhere in mainland China;Marvel Comics;188.40000000000001;95.090000000000003;M;;Blue;No Hair;;
Absorbing Man;Carl Creel;New York City, New York;Marvel Comics;193.36000000000001;122.28;M;1964;Blue;No Hair;80;moderate
X-Man;Nate Grey;American Northeast of Earth-295 ;Marvel Comics;175.81999999999999;61.799999999999997;M;1995;Blue;Brown;55;high
X-23;Laura Kinney;The Facility, location unrevealed ;Marvel Comics;155.61000000000001;50.390000000000001;F;;Green;Black;25;good
Wondra;;;Marvel Comics;;;F;;;;;
Adam Strange;Adam Strange;Chicago, Illinois;DC Comics;185.09999999999999;88.920000000000002;M;1986;Blue;Blond;10;good
Wonder Girl;Cassandra Elizabeth Sandsmark;;DC Comics;165.74000000000001;51.329999999999998;F;1996;Blue;Blond;90;good
Wonder Woman;Diana Prince;Themyscira;DC Comics;183.13;74.739999999999995;F;1941;Blue;Black;100;high
Wolverine;Logan;Alberta, Canada;Marvel Comics;160.69999999999999;135.21000000000001;M;;Blue;Black;35;good
Ymir;Ymir;Niffleheim;Marvel Comics;304.63;;M;;White;No Hair;100;average
Wiz Kid;Takashi Matsuya;Place of birth unknown;Marvel Comics;140.86000000000001;39.640000000000001;;;Brown;Black;;
Wolfsbane;Rahne Sinclair;Somewhere in Ross and Cromarty, Scotland;Marvel Comics;366.33999999999997;473.75999999999999;F;;Green;Auburn;20;moderate
White Queen;Emma Grace Frost;Boston, Massachusetts;Marvel Comics;178.87;65.870000000000005;F;;Blue;Blond;;
White Canary;;;DC Comics;;;F;;Brown;Black;10;good
Wyatt Wingfoot;Wyatt Wingfoot;Keewazi Reservation, Oklahoma;Marvel Comics;196.41999999999999;117.16;M;;Brown;Black;10;low
Weapon XI;Weapon XI;;Marvel Comics;;;M;;;;;
Winter Soldier;Bucky Barnes;;Marvel Comics;175.21000000000001;117.20999999999999;M;2005;Brown;Brown;35;average
Watcher;Uatu;;Marvel Comics;;;M;1963;;;80;high
Wonder Man;Simon Williams;Paterson, New Jersey;Marvel Comics;188.90000000000001;171.56999999999999;M;;Red;Black;100;good
Wasp;Janet Van Dyne;Cresskill, New Jersey;Marvel Comics;163.86000000000001;50.039999999999999;F;;Blue;Auburn;20;good
Warlock;Adam Warlock;The Beehive, Shard Island, Atlantic Ocean;Marvel Comics;188.22;108.14;M;;Red;Blond;40;high
Warbird;Carol Danvers;Boston, Massachusetts;Marvel Comics;180.56;54.75;F;;Blue;Blond;;
Wildfire;Drake Burroughs;;DC Comics;;;M;;;;35;average
Vulture;Adrian Toomes;Staten Island, New York City ;Marvel Comics;180.61000000000001;79.629999999999995;M;;Brown;No Hair;25;good
Warp;Emil LaSalle;;DC Comics;173.41999999999999;67.420000000000002;M;1981;Brown;Black;10;moderate
Warpath;James Proudstar;Camp Verde, Arizona ;Marvel Comics;218.05000000000001;158.22;M;1984;Brown;Black;75;moderate
War Machine;James Rupert Rhodes;Philadelphia, Pennsylvania ;Marvel Comics;185.00999999999999;95.930000000000007;M;1979;Brown;Brown;80;good
Vulcan;Gabriel Summers;;Marvel Comics;;;M;;Black;Black;;
Vision II;Vision;Place of birth unknown;Marvel Comics;191.38999999999999;135.50999999999999;;;Red;No Hair;;
Walrus;Hubert Carpent;Brooklyn, New York;Marvel Comics;183.69999999999999;162.03;M;1984;Blue;Black;30;average
Vision;Vision;;Marvel Comics;191.50999999999999;135.94999999999999;M;;Gold;No Hair;75;high
Violet Parr;Violet Parr;;Dark Horse Comics;137.18000000000001;41.130000000000003;F;2004;Violet;Black;10;average
Violator;;;Image Comics;;;M;;;;65;average
Vertigo II;;The Savage Land;Marvel Comics;168.94;52.799999999999997;F;;Blue;Silver;;
Venompool;Wade Wilson;;Marvel Comics;226.84;;M;2011;;;60;good
Venom III;MacDonald Gargan;;Marvel Comics;229.38999999999999;334.69999999999999;M;2005;Brown;Brown;75;good
Vindicator;Dr. James McDonald Hudson;;Marvel Comics;;;M;;;;;
Venom II;Angelo Fortunato;;Marvel Comics;175.06999999999999;50.759999999999998;M;2005;Brown;Black;60;average
Venom;Eddie Brock;New York, New York;Marvel Comics;191.34999999999999;117.61;M;;Blue;Strawberry Blond;60;good
Vegeta;Vegeta;;Shueisha;168.94;73.239999999999995;M;;;Black;100;high
Vixen;Mari McCabe;Zambesi;DC Comics;175.71000000000001;63.57;F;1981;Amber;Black;40;average
Valkyrie;Brunnhilde (also spelled Brunnhilda);Presumably Asgard;Marvel Comics;191.63;214.66999999999999;F;;Blue;Blond;95;high
Valerie Hart;;East Coast, Canada;Team Epic TV;175.80000000000001;56.670000000000002;F;;Hazel;Black;;
Vanisher;;Boston, Massachusetts ;Marvel Comics;165.83000000000001;79.450000000000003;M;;Green;No Hair;10;good
Vagabond;Priscilla Lyons;;Marvel Comics;169.0;54.619999999999997;F;;Blue;Strawberry Blond;;
Utgard-Loki;;Jotunheim;Marvel Comics;15.34;58.859999999999999;M;;Blue;White;80;average
Ultron;Ultron;Created in Cresskill, New Jersey;Marvel Comics;206.90000000000001;331.61000000000001;M;1968;Red;;85;high
Triton;Triton;Island of Attilan, Atlantic Ocean;Marvel Comics;188.34999999999999;86.829999999999998;M;1965;Green;No Hair;65;average
Two-Face;Harvey Dent;;DC Comics;183.12;82.870000000000005;M;;;;10;high
Triplicate Girl;Luornu Durgo;;DC Comics;168.97;59.829999999999998;F;;Purple;Brown;10;good
Trigon;;;DC Comics;;;M;1981;Yellow;Black;100;high
Ultragirl;Tsu-Zana;;Marvel Comics;168.27000000000001;105.90000000000001;F;;Blue;Blond;80;average
Tracy Strauss;Tracy Strauss;Beverly Hills, CA;NBC - Heroes;;;F;;;;;
Vindicator;Heather Hudson;Calgary, Alberta, Canada ;Marvel Comics;165.53999999999999;54.460000000000001;F;1980;Green;Red;65;good
Toxin;Eddie Brock;San Francisco, California;Marvel Comics;191.56999999999999;117.09;M;;Black;Blond;80;good
Titan;;;HarperCollins;;;M;;;;;
Tinkerer;Phineas Mason;;Marvel Comics;163.96000000000001;54.93;M;1963;Brown;White;10;high
Tigra;Greer Grant Nelson;Presumably Chicago Illinois USA;Marvel Comics;178.03999999999999;81.120000000000005;F;;Green;Auburn;35;good
Vibe;Cisco Ramon;;DC Comics;178.77000000000001;71.319999999999993;M;;Brown;Black;10;average
Thundra;Thundra;;Marvel Comics;218.65000000000001;158.88999999999999;F;1972;Green;Red;85;moderate
Thunderstrike;Eric Kevin Masterson;;Marvel Comics;198.41999999999999;288.86000000000001;M;;Blue;Blond;80;good
Toxin;Patrick Mulligan;New York City ;Marvel Comics;188.69;97.560000000000002;M;2004;Blue;Brown;75;average
Thunderbird II;James Proudstar;;Marvel Comics;;;M;;;;;
Thunderbird;John Proudstar;Camp Verde, Arizona ;Marvel Comics;185.12;101.48999999999999;M;1975;Brown;Black;35;average
Thor Girl;Tarene;;Marvel Comics;175.74000000000001;143.16999999999999;F;;Blue;Blond;85;good
Trickster;Giovanni Giuseppe;;DC Comics;183.53999999999999;81.370000000000005;M;1960;Blue;Blond;;
Thing;Ben Grimm;New York City, New York;Marvel Comics;183.55000000000001;225.41999999999999;M;1961;Blue;No Hair;85;good
The Comedian;Edward Morgen Blake;;DC Comics;188.41;101.45;M;1986;Brown;Black;15;good
The Cape;Vince Faraday;;;;;M;2011;;;10;moderate
Thanos;Thanos;Titan;Marvel Comics;201.25999999999999;443.19;M;;Red;No Hair;100;high
Tiger Shark;Todd Arliss;Pasadena, California;Marvel Comics;185.25;203.03;M;1968;Grey;No Hair;75;moderate
Thunderbird III;Neal Shaara;Bangladesh;Marvel Comics;175.86000000000001;74.280000000000001;M;;Brown;Black;;
Taskmaster;Tony Masters;;Marvel Comics;188.74000000000001;99.900000000000006;M;;Brown;Brown;15;good
Toad;Mortimer Toynbee;York, England ;Marvel Comics;175.31999999999999;76.040000000000006;M;1964;Black;Brown;35;average
T-X;Cyberdyne Systems Series X Terminator;;Dark Horse Comics;;149.33000000000001;F;;;;65;good
T-1000;Cyberdyne Systems Series 1000 Terminator;;Dark Horse Comics;183.33000000000001;146.83000000000001;M;;;;35;good
T-800;Cyberdyne Systems Series 800 Terminator Model 101;;Dark Horse Comics;;176.28;M;1984;Red;;35;good
T-850;Cyberdyne Systems Series 850 Terminator;;Dark Horse Comics;;198.72;M;2003;Red;;80;good
Synch;Everett Thomas;;Marvel Comics;180.68000000000001;74.0;M;1994;Brown;Black;70;good
Swarm;Fritz von Meyer;;Marvel Comics;196.71000000000001;47.109999999999999;M;1977;Yellow;No Hair;20;good
Thor;Thor Odinson;Asgard;Marvel Comics;198.34999999999999;288.61000000000001;M;1962;Blue;Blond;100;good
Swamp Thing;Alec Holland;;DC Comics;;;M;1972;Red;No Hair;95;high
Supergirl;Kara Zor-El;Argo City, Krypton;DC Comics;165.40000000000001;54.799999999999997;F;2004;Blue;Blond;100;high
Superboy-Prime;Kal-El;Krypton (Earth-Prime) ;DC Comics;180.55000000000001;77.409999999999997;M;1985;Blue;Black / Blue;100;high
Sylar;Gabriel Gray;;NBC - Heroes;;;M;;;;10;good
Tempest;Angel Salvadore Bohusk;;Marvel Comics;163.02000000000001;54.359999999999999;F;2001;Brown;Black;10;moderate
Stormtrooper;;;George Lucas;183.27000000000001;;M;1977;;;10;low
Sunspot;Roberto DaCosta;Rio de Janeiro, Brazil ;Marvel Comics;173.58000000000001;77.689999999999998;M;1982;brown;black;65;good
Storm;Ororo Munroe;New York, New York;Marvel Comics;180.72;57.5;F;1975;Blue;White;10;good
Stephanie Powell;Stephanie Powell;;ABC Studios;;;F;2010;;Blond;10;good
Superman;Clark Kent;Krypton;DC Comics;191.72999999999999;101.73;M;;Blue;Black;100;high
Stardust;;;Marvel Comics;;;M;;;;85;high
Steppenwolf;;;DC Comics;183.36000000000001;91.040000000000006;M;;Red;Black;100;high
Starfire;Koriand'r;Tamaran;DC Comics;193.77000000000001;71.780000000000001;F;1980;Green;Auburn;80;average
Superboy;Kon-El / Conner Kent;Project Cadmus cloning facility;DC Comics;170.61000000000001;68.909999999999997;M;1993;Blue;Black;95;good
Steel;John Irons;Washington, D.C.;DC Comics;201.58000000000001;131.13;M;1993;Brown;No Hair;85;high
Stargirl;Courtney Whitmore;;DC Comics;165.81;62.939999999999998;F;1999;Blue;Blond;80;good
Static;Virgil Hawkins;Paris Island, Dakota City;DC Comics;170.36000000000001;63.409999999999997;M;1993;Brown;Black;10;good
Star-Lord;Peter Jason Quill;;Marvel Comics;188.25;79.209999999999994;M;1976;Blue;Blond;20;good
Stacy X;;;Marvel Comics;;;F;;;;;
Spock;S'chn T'gai Spock;;Star Trek;185.69;81.099999999999994;M;;Brown;Black;20;high
Spider-Woman III;Martha Franklin;Rochester, New York ;Marvel Comics;173.47;55.369999999999997;F;1998;Brown;Brown;50;average
Spyke;Evan Daniels;;Marvel Comics;183.00999999999999;83.370000000000005;M;2000;Brown;Blond;15;average
Spider-Man;Miles Morales;;Marvel Comics;157.37;56.060000000000002;M;2011;Brown;Black;;
Spider-Woman IV;Charlotte Witter;;Marvel Comics;178.09;58.780000000000001;F;;Red;White;;
Spider-Woman II;;;Marvel Comics;;;F;;;;;
Spider-Woman;Jessica Drew;London, England;Marvel Comics;178.02000000000001;59.100000000000001;F;1977;Green;Black;45;average
Spider-Man;Miguel O'Hara;;Marvel Comics;178.66999999999999;77.269999999999996;;1992;Red;Brown;;
Spider-Man;Peter Parker;New York, New York;Marvel Comics;178.28;74.25;M;;Hazel;Brown;55;high
Spider-Girl;May 'Mayday' Parker;New York City, New York;Marvel Comics;170.97999999999999;54.75;F;1998;Blue;Brown;40;good
Spider-Gwen;Gwen Stacy;;Marvel Comics;165.78999999999999;56.590000000000003;F;;Blue;Blond;55;good
Speedball;Robert Baldwin;Springdale, Connecticut;Marvel Comics;;;M;;;;;
Spider-Carnage;Benjamin Reilly;;Marvel Comics;;;M;;;;;
Speedy;Thea Queen;Starling City;DC Comics;;;F;;Green;Brown;10;average
Speedy;Roy William Harper, Jr.;;DC Comics;;;M;;;;;
Spawn;Al Simmons;Detroit, Michigan (8th level of Hell after rebirth);Image Comics;211.5;405.58999999999997;M;1992;Brown;Black;60;good
Space Ghost;Thaddeus Bach;;DC Comics;188.86000000000001;113.78;M;1966;;;20;moderate
Spectre;Aztar;;DC Comics;;;M;1940;White;No Hair;100;high
Songbird;Melissa Joan Gold;Shoshoni, Wyoming ;Marvel Comics;166.0;65.25;F;;Green;Red / White;40;good
Snowbird;Narya;Near Resolute Bay, Northwest Territories, Canada ;Marvel Comics;178.86000000000001;49.789999999999999;F;;White;Blond;35;average
Siryn;Theresa Rourke Cassidy;Cassidy Keep, County Mayo, Ireland ;Marvel Comics;168.84999999999999;52.640000000000001;F;;Blue;Strawberry Blond;10;moderate
Solomon Grundy;Cyrus Gold;Gotham City;DC Comics;279.22000000000003;437.61000000000001;M;1944;Black;White;95;low
Sobek;Yurrd the Unknown;"Nile River; Bioengineered at Oolong Island";DC Comics;;;M;;White;No Hair;35;average
Snake-Eyes;;;Marvel Comics;;;M;;;;;
Siren;Hila;;DC Comics;175.46000000000001;72.75;F;1965;Blue;Purple;65;average
Simon Baz;Simoon Baz;Dearborn, Michigan;DC Comics;;;M;2012;Bown;Black;90;average
Siren II;La Sirene la Bailene;Atlantis;DC Comics;;;F;1999;Black;;;
Silver Surfer;Norrin Radd;Zenn-La;Marvel Comics;193.00999999999999;101.34;M;;White;No Hair;100;average
Silk Spectre II;Laurie Juspeczyk;;DC Comics;;;F;;;;55;high
Silk Spectre;Sally Juspeczyk;;DC Comics;;;F;;;;;
Skaar;;Sakaar;Marvel Comics;198.46000000000001;180.69;M;;Green;Black;85;average
Silverclaw;Maria de Guadalupe Santiago;The village of Kamekeri, Costa Verde ;Marvel Comics;157.80000000000001;50.219999999999999;F;1998;Brown;Black;30;average
Shrinking Violet;;;DC Comics;;;F;;;;;
Sif;Sif;;Marvel Comics;188.80000000000001;191.83000000000001;F;1964;Blue;Black;90;good
Shriek;Frances Louise Barrison;;Marvel Comics;173.94999999999999;52.829999999999998;F;;Yellow / Blue;Black;10;average
Sinestro;Thaal Sinestro;Korugar City, Korugar;DC Comics;201.13999999999999;92.640000000000001;M;;Black;Black;85;good
Shazam;Billy Batson;Fawcett City, United States;DC Comics;193.74000000000001;101.3;M;1940;Blue;Black;100;high
Shatterstar;Gaveedra Seven;Mojoworld;Marvel Comics;191.56999999999999;88.930000000000007;M;;Brown;Red;50;good
She-Thing;Sharon Ventura;;Marvel Comics;183.88999999999999;153.41;F;;Blue;No Hair;75;good
Shadowcat;Kitty Pryde;Deerfield, Illinois;Marvel Comics;168.63;50.399999999999999;F;1980;Hazel;Brown;10;high
Shang-Chi;Shang-Chi;;Marvel Comics;178.38;79.290000000000006;M;1973;Brown;Black;15;good
Shadow King;Amahl Farouk;;Marvel Comics;185.47999999999999;149.19;;1979;Red;;15;good
Shadow Lass;Tasmia Mallor;Talok VIII;DC Comics;173.11000000000001;54.25;F;;Black;Black;10;good
Sebastian Shaw;Sebastian Hiram Shaw;;Marvel Comics;;;M;;;;85;good
Silk;Cindy Moon;;Marvel Comics;;;F;;Brown;Black;50;good
Shocker;Herman Schultz;;Marvel Comics;175.62;79.400000000000006;M;;Brown;Brown;10;good
Scorpia;Elaine Coll;;Marvel Comics;;;F;1995;Green;Red;30;moderate
Scorpion;MacDonald Gargan;;Marvel Comics;211.06;310.20999999999998;M;1964;Brown;Brown;55;average
Scarlet Witch;Wanda Maximoff;Wundagore Mountain, Transia;Marvel Comics;170.18000000000001;59.689999999999998;F;1964;Blue;Brown;10;high
Scarlet Spider II;Kaine Parker;;Marvel Comics;193.21000000000001;113.66;M;1994;Brown;Brown;55;high
Scarlet Spider;Benjamin Reilly;Place of birth unknown;Marvel Comics;178.78999999999999;74.969999999999999;M;;Blue;Blond;55;good
Sentry;Robert Reynolds;;Marvel Comics;188.84;87.950000000000003;M;2000;Blue;Blond;100;good
Savage Dragon;Kurr;;Image Comics;;;M;;;;70;good
Sandman;William Baker;Queens, New York;Marvel Comics;185.37;203.28999999999999;M;1963;Brown;Brown;75;average
Sasquatch;Walter Langkowski;Edmonton, Alberta, Canada ;Marvel Comics;305.01999999999998;900.70000000000005;M;;Red;Orange;80;good
Sage;Tessa;Place of birth unknown;Marvel Comics;170.27000000000001;61.509999999999998;F;;Blue;Black;10;good
Scarecrow;Jonathan Crane;;DC Comics;183.09;63.950000000000003;M;1941;Blue;Brown;10;high
Sabretooth;Victor Creed;;Marvel Comics;198.44;171.74000000000001;M;1977;Amber;Blond;50;average
Ronin;Clint Barton;Waverly, Iowa ;Marvel Comics;191.05000000000001;104.16;M;;Blue;Blond;15;average
Rorschach;Walter Joseph Kovacs;;DC Comics;168.59999999999999;63.060000000000002;M;1986;Blue;Red;10;good
Rocket Raccoon;Rocket Raccoon;;Marvel Comics;122.77;25.73;M;1976;Brown;Brown;5;average
Rogue;Anna Marie;Caldecott County, Mississippi ;Marvel Comics;173.47999999999999;54.43;F;1981;Green;Brown / White;10;good
Robin VI;Carrie Kelley;Gotham City;DC Comics;;;F;;Green;Red;10;average
Robin V;Damian Wayne;;DC Comics;137.24000000000001;38.460000000000001;M;;Blue;Black;10;good
She-Hulk;Jennifer Walters;Los Angeles, California;Marvel Comics;201.68000000000001;315.25999999999999;F;;Green;Green;100;high
Ripcord;Miranda Leevald;;Marvel Comics;180.86000000000001;72.569999999999993;F;;Green;Black;;
Robin III;Tim Drake;;DC Comics;165.94;56.030000000000001;M;1989;Blue;Black;15;high
Robin II;Jason Todd;;DC Comics;183.41;101.63;M;;Blue;Red;15;good
Rick Flag;Richard Rogers Flag;;DC Comics;185.78;85.909999999999997;M;1959;Blue;Brown;15;high
Rip Hunter;Richard Hunter;;DC Comics;;;M;;Blue;Blond;10;high
Rhino;Aleksei Mikhailovich Sytsevich;;Marvel Comics;196.94;320.95999999999998;M;;Brown;Brown;80;moderate
Riddler;Edward Nigma;;DC Comics;;;M;1948;;;10;high
Redeemer III;Eddie Frank;;Image Comics;;;M;;;;;
Redeemer II;Phil Timper;;Image Comics;;;M;;;;;
Red Tornado;John Smith;;DC Comics;185.94999999999999;146.22;M;;Green;No Hair;40;good
Rey;;Jakku;George Lucas;297.12;;F;2015;Hazel;Brown;10;good
Robin;Dick Grayson;;DC Comics;178.21000000000001;79.489999999999995;M;1940;Blue;Black;15;high
Red Robin;Tim Drake;Gotham City;DC Comics;165.38999999999999;56.350000000000001;M;1989;Blue;Black;15;high
Renata Soliz;;;HarperCollins;;;F;;;;;
Sauron;Sauron;;J. R. R. Tolkien;279.89999999999998;;M;;;;85;high
Red Hood;Jason Todd;;DC Comics;183.80000000000001;81.150000000000006;M;;Blue;Black;15;good
Red Hulk;Thaddeus E. Ross;;Marvel Comics;213.97999999999999;630.09000000000003;M;2008;Yellow;Black;100;average
Red Mist;Chris Genovese;;Icon Comics;;;M;;;;10;moderate
Red Arrow;Roy Harper;;DC Comics;180.49000000000001;83.579999999999998;M;2007;Green;Red;20;good
Ray;Ray Terrill;;DC Comics;178.38999999999999;70.959999999999994;M;;Green;Red;10;average
Raven;Rachel Roth;Azarath;DC Comics;165.00999999999999;50.409999999999997;F;1980;Indigo;Black;10;average
Rambo;John Rambo;Bowie, Arizona;;178.94999999999999;83.730000000000004;M;1972;Brown;Black;15;good
Razor-Fist II;Douglas Scott;;Marvel Comics;191.11000000000001;117.56999999999999;M;1981;Blue;No Hair;;
Rachel Pirzad;;;SyFy;;;F;;;;5;good
Red Skull;Johann Shmidt;An unidentified village in Germany;Marvel Comics;188.31999999999999;108.08;M;1965;Blue;No Hair;10;good
Quill;Maxwell Jordan;;Marvel Comics;163.63;56.109999999999999;M;;Brown;Brown;10;moderate
Quantum;;;HarperCollins;;;M;;;;;
Quicksilver;Pietro Django Maximoff;Wundagore Mountain, Transia (in Eastern Europe);Marvel Comics;183.47999999999999;79.359999999999999;M;;Blue;Silver;30;good
Pyro;St. John Allerdyce;Sydney, Australia ;Marvel Comics;178.72;68.480000000000004;M;;Blue;Blond;10;moderate
Q;Q;;Star Trek;;;M;;;;15;high
Question;Charles Victor Szasz;;DC Comics;188.41;83.260000000000005;M;1967;Blue;Blond;15;high
Punisher;Frank Castle;Queens, New York;Marvel Comics;183.25999999999999;90.900000000000006;M;;Blue;Black;20;good
Ra's Al Ghul;Ra's Al Ghul;Egypt;DC Comics;193.06;97.760000000000005;M;1971;Green;Grey;30;high
Purple Man;Zebediah Killgrave;;Marvel Comics;180.30000000000001;74.129999999999995;M;1964;Purple;Purple;10;average
Psylocke;Elizabeth Braddock;Braddock Manor, England;Marvel Comics;180.88;70.959999999999994;F;1986;Blue;Purple;35;good
Professor X;Charles Francis Xavier;New York, New York;Marvel Comics;183.74000000000001;86.890000000000001;M;1963;Blue;No Hair;10;high
Proto-Goblin;Nels Van Adder;;Marvel Comics;;;M;1990;Green;Blond;40;good
Predator;Yautja;Yautja Prime;Dark Horse Comics;213.59;234.19;M;1987;;;30;good
Power Man;Luke Cage;;Marvel Comics;;;M;;;;;
Polaris;Lorna Dane;Presumably northern California - not confirmed;Marvel Comics;170.90000000000001;52.890000000000001;F;1968;Green;Green;75;good
Poison Ivy;Pamela Isley;Seattle, Washington;DC Comics;168.13999999999999;50.939999999999998;F;;Green;Red;15;high
Power Girl;Kara Zor-L;;DC Comics;180.59;81.640000000000001;F;1976;blue;blond;100;high
Plastique;Bette Sans Souci;;DC Comics;168.96000000000001;55.759999999999998;F;;Blue;Red;10;average
Plastic Man;Patrick O'Brian;;DC Comics;185.71000000000001;80.280000000000001;M;1941;Blue;Black;65;average
Professor Zoom;Eobard Thawne;;DC Comics;180.78999999999999;81.799999999999997;M;1963;Blue;Strawberry Blond;10;high
Plantman;Samuel Smithers;London, England;Marvel Comics;183.53999999999999;87.620000000000005;M;1963;Green;Grey;60;good
Phantom Stranger;Judas Iscariot;;DC Comics;188.22;83.840000000000003;M;;Black;Black;10;high
Raphael;;;IDW Publishing;;;M;;;No Hair;20;good
Phantom Girl;Tinya Wazzo;;DC Comics;168.58000000000001;54.990000000000002;F;2004;Blue;Black;10;moderate
Peter Petrelli;Peter Petrelli;;NBC - Heroes;;;M;;;;30;good
Phantom;Christopher Walker;;DC Comics;;;M;;;;50;good
Phoenix;Jean Grey;;Marvel Comics;168.88999999999999;52.07;F;1963;Green;Red;100;high
Penguin;Oswald Chesterfield Cobblepot;;DC Comics;157.88999999999999;79.129999999999995;M;1941;Blue;Black;10;good
Penance II;Robert Baldwin;Springdale, Connecticut ;Marvel Comics;183.72;89.900000000000006;M;2007;Blue;Blond;20;average
Plastic Lad;Luke O'Brian;;DC Comics;;;M;;;;;
Penance;;;Marvel Comics;;;;;;;;
Penance I;;;Marvel Comics;;;F;;;;;
Paul Blart;Paul Blart;;Sony Pictures;170.43000000000001;117.59999999999999;M;;;;15;low
Parademon;;Apokalips;DC Comics;;;;;;;30;low
Ozymandias;Adrian Veidt;;DC Comics;;;M;;Blue;Blond;20;high
Overtkill;Nicholas Rocca;;Image Comics;;;M;;;;;
Osiris;Amon Tomaz;;DC Comics;;;M;;Brown;Brown;85;good
Oracle;Barbara Gordon;;DC Comics;178.12;59.329999999999998;F;1989;Blue;Red;15;good
Onslaught;Onslaught;;Marvel Comics;305.41000000000003;405.07999999999998;M;1996;Red;No Hair;100;high
One-Above-All;;;Marvel Comics;;;;;;;100;high
One Punch Man;Saitama;;Shueisha;175.63999999999999;69.950000000000003;M;;;No Hair;100;moderate
Omega Red;Arkady Gregorivich;;Marvel Comics;211.78999999999999;191.40000000000001;M;;Red;Blond;;
Omniscient;Omniscient is the closest English word that compares to his alien tongue.;Another Unknown World;Team Epic TV;180.22;65.299999999999997;M;;Brown;Black;;
Odin;Odin Borson;Asgard;Marvel Comics;206.15000000000001;293.35000000000002;M;;Blue;White;85;high
Nova;Richard Rider;Queens, NY;Marvel Comics;185.25;86.370000000000005;M;1976;Brown;Brown;85;high
Nova;Frankie Raye;;Marvel Comics;163.93000000000001;59.719999999999999;F;1975;White;Red;60;good
Offspring;Luke O'Brian;;DC Comics;;;M;;;;10;average
Nite Owl II;Daniel Dreiberg;;DC Comics;;;M;;;;;
Northstar;Jean-Paul Beaubier;Montreal, Qu�bec, Canada ;Marvel Comics;180.66;83.019999999999996;M;1979;Blue;Black;20;average
Niki Sanders;Nicole Sanders;;NBC - Heroes;;;F;;Blue;Blond;55;good
Nick Fury;Nicholas Joseph Fury;New York City;Marvel Comics;185.88;99.280000000000001;M;1963;Brown;Brown / White;15;good
Nightwing;Dick Grayson;Gotham City;DC Comics;178.31;79.069999999999993;M;;Blue;Black;15;high
Nightcrawler;Kurt Wagner;Somewhere in the Bavarian Alps;Marvel Comics;175.30000000000001;88.140000000000001;M;;Yellow;Indigo;10;average
Nebula;;;Marvel Comics;185.08000000000001;83.189999999999998;F;1985;Blue;No Hair;55;good
Negasonic Teenage Warhead;Ellie Phimister;;Marvel Comics;;;F;;Black;Black;10;average
Nina Theroux;;;SyFy;;;F;;;;5;good
Nathan Petrelli;Nathan Petrelli;;NBC - Heroes;;;M;;Brown;;;
Naruto Uzumaki;;;Shueisha;168.13999999999999;54.130000000000003;M;;;;80;average
Namorita;Namorita Prentiss;Atlantis Outskirts;Marvel Comics;168.78999999999999;101.41;F;1972;Blue;Blond;75;average
Namor;Namor McKenzie;Atlantis;Marvel Comics;188.38999999999999;125.23999999999999;M;1939;Grey;Black;95;good
Namor;;;Marvel Comics;;;M;;;;;
Mystique;Raven Darkholme;;Marvel Comics;178.65000000000001;54.960000000000001;F;;Yellow (without irises);Red / Orange;15;good
Namora;Aquaria Nautica Neptunia;Unnamed Atlantean outpost;Marvel Comics;180.84999999999999;85.530000000000001;F;1947;Blue;Blond;85;average
Mysterio;Quentin Beck;New York, New York ;Marvel Comics;180.47;79.930000000000007;M;1964;Brown;No Hair;10;high
Multiple Man;James Arthur;Los Alamos, New Mexico;Marvel Comics;180.91999999999999;70.180000000000007;M;;Blue;Brown;15;good
Ms Marvel II;Sharon Ventura;Pullman, Washington;Marvel Comics;173.44999999999999;61.609999999999999;F;;Blue;Red;65;moderate
Mr Incredible;Robert Parr;;Dark Horse Comics;201.81;158.19999999999999;M;2004;Blue;Blond;85;average
Mr Immortal;Craig Hollis;;Marvel Comics;188.81;70.090000000000003;M;;Blue;Blond;10;average
Morph;Kevin Sydney;Pittsburgh, Pennsylvania ;Marvel Comics;178.31;79.879999999999995;M;;White;No Hair;;
Moonstone;Karla Sofen;Van Nuys, California;Marvel Comics;180.72;59.780000000000001;F;1975;Blue;Blond;70;average
Moses Magnum;Moses Magnum;;Marvel Comics;175.06;72.870000000000005;M;1975;Brown;Black;30;good
Morlun;Morlun;;Marvel Comics;188.25999999999999;79.519999999999996;M;2001;White / Red;Black;60;good
Moon Knight;Marc Spector ;Chicago, Illinois;Marvel Comics;188.71000000000001;101.34999999999999;M;1975;Brown;Brown;40;average
Monica Dawson;Monica Dawson;;NBC - Heroes;;;F;;;;10;average
Molten Man;Mark Raxton;;Marvel Comics;196.96000000000001;248.27000000000001;M;1965;Gold;Gold;75;average
Monarch;Nathaniel Christopher Adam;;DC Comics;193.56999999999999;90.719999999999999;M;1987;Blue;White;100;high
Mogo;Mogo;;DC Comics;;;M;1985;;;;
MODOK;George Tarleton;;Marvel Comics;366.19999999999999;338.20999999999998;M;;White;Brownn;20;high
Mohinder Suresh;Mohinder Suresh;India;NBC - Heroes;;;M;;;;;
Mockingbird;Barbara Morse;San Diego, California;Marvel Comics;175.58000000000001;61.329999999999998;F;1971;Blue;Blond;35;good
Moloch;Edgar William Jacobi;;DC Comics;;;M;;;;;
Mister Zsasz;Victor Zsasz;;DC Comics;;;M;;Blue;Blond;25;high
Mister Sinister;Nathaniel Essex;London, England ;Marvel Comics;196.88999999999999;128.37;M;1987;Red;Black;50;high
Mister Mxyzptlk;Mr. Mxyzptlk;;DC Comics;;;M;;;;85;high
Mister Freeze;Victor Fries;;DC Comics;183.59;86.469999999999999;M;1959;;;35;good
Mister Fantastic;Reed Richards;Central City, California ;Marvel Comics;185.00999999999999;81.680000000000007;M;;Brown;Brown;10;high
Mister Knife;J'son;Spartax, Spartoi Empire, near the Shi'ar Galaxy;Marvel Comics;;;M;2000;Blue;Brown;10;good
Misfit;Charlotte Gage-Radcliffe;;DC Comics;;;F;;Blue;Red;35;good
Mimic;Calvin Montgomery Rankin;Passiac, New Jersey ;Marvel Comics;188.78999999999999;101.48;M;;Brown;Brown;70;good
Miss Martian;M'gann M'orzz;Mars;DC Comics;178.49000000000001;61.25;F;2006;Red;Red;85;good
Minna Murray;Wilhelmina Harker;;Wildstorm;;;F;;;;;
Micro Lad;Gim Allon;;DC Comics;183.12;77.219999999999999;M;2004;Grey;Brown;30;moderate
Micah Sanders;Micah Sanders;;NBC - Heroes;;;M;;Brown;Black;10;good
Metron;Metron;;DC Comics;185.56999999999999;86.049999999999997;M;1971;Blue;Black;10;high
Meteorite;;;Marvel Comics;;;F;;;;;
Michelangelo;;;IDW Publishing;;;M;;Blue;;15;good
Metamorpho;Rex Mason;;DC Comics;185.94;90.480000000000004;M;;Black;No Hair;85;good
Metallo;John Corben;;DC Comics;196.93000000000001;90.939999999999998;M;1987;Green;Brown;55;good
Mera;Mera;;DC Comics;175.36000000000001;72.75;F;1963;Blue;Red;65;average
Meltdown;Tabitha Smith ;Roanoke, Virginia ;Marvel Comics;165.31;54.5;F;;Blue;Blond;10;moderate
Mephisto;;Hell ;Marvel Comics;198.66;140.66;M;;White;Black;85;high
Maya Herrera;Maya Herrera;Dominican Republic;NBC - Heroes;;;F;;;;10;average
Maxima;;Almerac;DC Comics;180.75999999999999;72.849999999999994;F;;Brown;Red;90;good
Maverick;Christopher Bradley ;;Marvel Comics;193.06;110.36;M;1995;Blue;Black;10;good
Medusa;Medusalith Amaquelin Boltagon;Island of Attilan, Atlantic Ocean ;Marvel Comics;180.5;59.390000000000001;F;1965;Green;Red;35;good
Match;Kent Connor;;DC Comics;;;M;1997;Black;Black;95;good
Matt Parkman;Matthew Parkman;;NBC - Heroes;;;M;;;;10;good
Master Chief;John-117;Elysium City, Eridanus II;Microsoft;213.91999999999999;;M;;Brown;Brown;75;good
Master Brood;Currently Colin Wood;Perhaps England;Team Epic TV;183.08000000000001;81.200000000000003;M;;Blue;Black;;
Marvel Girl;Rachel Anne Summers;;Marvel Comics;170.21000000000001;56.060000000000002;F;;Green;Red;85;good
Martian Manhunter;J'onn J'onzz;;DC Comics;201.86000000000001;135.18000000000001;M;1955;Red;No Hair;95;high
Man-Bat;Robert Kirkland Langstrom;Chicago, Illinois;DC Comics;;;M;1970;Brown;Brown;20;moderate
Mantis;;Vietnam;Marvel Comics;168.69999999999999;52.170000000000002;F;;Green;Black;10;good
Magus;;Kvch (Technarchy�s home planet) ;Marvel Comics;183.74000000000001;;M;1984;Black;;100;high
Mandarin;Khan;China;Marvel Comics;188.09999999999999;97.650000000000006;M;1964;Blue;White;30;high
Magog;David Reid;;DC Comics;;;M;;Blue;Blond;50;average
Machine Man;X-51, Aaron Stack;Central City, California;Marvel Comics;183.41999999999999;383.81;;;Red;Black;35;good
Man-Thing;Dr. Theodore Sallis ;;Marvel Comics;213.38;225.59999999999999;M;1971;Red;No Hair;35;average
Lyja;Lyja;;Marvel Comics;;;F;;Green;Green;;
Mach-IV;Abner Jenkins;Baltimore, Maryland ;Marvel Comics;180.36000000000001;79.200000000000003;M;2005;Brown;Brown;40;good
Luna;Luna Maximoff;Attilan, Blue Area of the Moon;Marvel Comics;;;F;;;;10;moderate
Man of Miracles;;;Image Comics;;;;;Blue;Silver;100;high
Man-Wolf;John Jameson;New York, New York;Marvel Comics;188.66;90.400000000000006;M;;Brown;Auburn;45;good
Magneto;Erik Magnus Lensherr;Unrevealed, probably somewhere in Northern Europe;Marvel Comics;188.80000000000001;86.400000000000006;M;;Grey;White;80;high
Luke Skywalker;Luke Skywalker;Tatooine;George Lucas;168.13;77.0;M;1977;Blue;Blond;40;good
Longshot;;;Marvel Comics;188.22999999999999;36.710000000000001;M;1985;Blue;Blond;10;average
Luke Campbell;Luke Campbell;;NBC - Heroes;;;M;;;;;
Loki;Loki Laufeyson;Jotunheim, Asgard ;Marvel Comics;193.83000000000001;236.11000000000001;M;;Green;Black;65;high
Living Tribunal;;;Marvel Comics;;;;;Blue;No Hair;100;high
Lobo;Lobo;;DC Comics;229.40000000000001;288.81999999999999;M;;Red;Black;100;high
Luke Cage;Luke Cage;Harlem, New York City;Marvel Comics;198.43000000000001;191.97999999999999;M;1972;Brown;Black;65;average
Lightning Lad;Garth Ranzz;;DC Comics;155.06999999999999;65.890000000000001;M;;Blue;Red;10;moderate
Light Lass;Ayla Ranzz;;DC Comics;165.34;54.359999999999999;F;;Blue;Red;10;moderate
Lex Luthor;Lex Luthor;;DC Comics;188.72999999999999;95.219999999999999;M;;Green;No Hair;55;high
Lightning Lord;Mekt Ranzz;;DC Comics;191.41;95.890000000000001;M;2007;Blue;Red;10;average
Legion;David Haller;Israel;Marvel Comics;175.86000000000001;59.829999999999998;M;1985;Green / Blue;Black;100;average
Leech;;;Marvel Comics;;;M;;;;5;moderate
Leader;Samuel Sterns;Boise, Idaho ;Marvel Comics;178.74000000000001;63.340000000000003;M;;Green;No Hair;10;high
Lady Bullseye;;;Marvel Comics;;;F;;;Black;75;high
Leonardo;Leonardo;;IDW Publishing;;;M;;Blue;No Hair;20;good
Kyle Rayner;Kyle Rayner;North Hollywood, Los Angeles, California;DC Comics;180.31999999999999;79.620000000000005;M;;Green;Black;90;good
Krypto;Krypto the Superdog;;DC Comics;64.209999999999994;18.109999999999999;M;1955;Blue;White;80;low
Kraven the Hunter;Sergei Kravinoff;Volgograd (formerly Stalingrad), Russia ;Marvel Comics;183.94999999999999;106.67;M;1964;Brown;Black;35;good
Kraven II;Alyosha Kravinoff;;Marvel Comics;191.25999999999999;99.030000000000001;M;1997;Brown;Black;35;average
Living Brain;;;Marvel Comics;198.59;360.13999999999999;;1964;Yellow;;55;good
Kool-Aid Man;;;;;;M;;Black;No Hair;20;moderate
Klaw;Ulysses Klaw;Vlaardingen, Netherlands;Marvel Comics;188.61000000000001;97.989999999999995;M;1966;Red;No Hair;40;good
Kingpin;Wilson Grant Fisk;New York City area;Marvel Comics;201.91999999999999;203.47;M;1967;Blue;No Hair;20;good
King Shark;Nanaue;;DC Comics;;;M;;Black;No Hair;90;average
Lizard;Curtis Connors;Coral Gables, Florida;Marvel Comics;203.53;230.59999999999999;M;;Red;No Hair;55;average
Liz Sherman;Elizabeth Anne Sherman;;Dark Horse Comics;;;F;;;;;
King Kong;King Kong;Skull Island;;30.870000000000001;9.7899999999999991;M;1933;Yellow;Black;100;average
Kylo Ren;Ben Solo;;George Lucas;;;M;2015;;;45;average
Kilowog;;Bolovax Vik;DC Comics;234.38999999999999;324.10000000000002;M;1986;Red;No Hair;90;high
Killer Croc;Waylon Jones;;DC Comics;244.58000000000001;356.55000000000001;M;1983;Red;No Hair;55;low
Killer Frost;Caitlin Snow;;DC Comics;;;F;;Blue;Blond;10;high
Kid Flash;Wallace Rudolph West;Blue Valley, Nebraska;DC Comics;;;M;1960;Green;Red;5;moderate
Kid Flash II;Bartholomew Allen II;;DC Comics;;;M;;;;;
Kick-Ass;Dave Lizewski;New York City;Icon Comics;;;M;;Blue;Blond;10;moderate
Kevin 11;Kevin Ethan Levin;;DC Comics;;;M;;;Black;10;moderate
Katniss Everdeen;Katniss Everdeen;;;;;F;;;;10;average
Kathryn Janeway;Kathryn Janeway;Bloomington, Indiana, Earth;Star Trek;;;F;;;;10;good
Kang;Nathaniel Richards;Other Earth, 31st century ;Marvel Comics;191.30000000000001;104.95;M;1964;Brown;Brown;50;high
Junkpile;;;Marvel Comics;;;M;1993;;;40;average
Karate Kid;Val Armorr;Orando;DC Comics;173.13999999999999;72.230000000000004;M;;Brown;Brown;65;good
Justice;Vance Astrovik;;Marvel Comics;178.91;81.099999999999994;M;1975;Hazel;Brown;10;average
Juggernaut;Cain Marko;Berkeley, California;Marvel Comics;287.94999999999999;855.82000000000005;M;1965;Blue;Red;100;average
Judge Dredd;Joseph Dredd;Mega City One;Rebellion;188.09;;M;1977;;;20;good
Jubilee;Jubilation Lee;Beverly Hills, California;Marvel Comics;165.91999999999999;52.340000000000003;F;1989;Red;Black;10;average
Joker;Jack Napier;;DC Comics;196.06999999999999;86.909999999999997;M;1940;Green;Green;10;high
Jolt;Helen Takahama;Ojai, California ;Marvel Comics;165.49000000000001;49.380000000000003;F;1997;Blue;Black;15;good
John Stewart;John Stewart;;DC Comics;185.83000000000001;91.0;M;;Green;Black;85;average
Johann Krauss;Johann Krauss;;Dark Horse Comics;;;M;2003;;;;
John Constantine;John Constantine;;DC Comics;183.28;;M;1985;Blue;Blond;10;good
JJ Powell;JJ Powell ;;ABC Studios;;;M;2010;;;10;high
Jim Powell;Jim Powell;;ABC Studios;;;M;2010;;;40;moderate
Jyn Erso;Jyn Erso;;George Lucas;;;F;2016;Green;Brown;;
Jessica Jones;Jessica Campbell Jones Cage;Forrest Hills, New York City;Marvel Comics;170.19;56.960000000000001;F;1963;Brown;Brown;45;average
K-2SO;;Galactic Empire;George Lucas;213.88;;M;2016;White;No Hair;;
Jigsaw;Billy Russo;;Marvel Comics;188.81999999999999;113.14;M;1976;Blue;Black;;
Jesse Quick;Jesse Chambers;;DC Comics;;;F;;;;;
Jessica Sanders;;;NBC - Heroes;;;F;;;;;
Jean-Luc Picard;Jean-Luc Picard;La Barre, France, Earth;Star Trek;;;M;1987;;;10;good
Jessica Cruz;Jessica Cruz;;DC Comics;;;F;2013;Green;Brown;90;average
Jean Grey;Jean Grey;;Marvel Comics;168.53;52.68;F;1963;Green;Red;80;high
Jason Bourne;Jason Bourne;;;;;M;;;;15;high
Jennifer Kale;Jennifer Kale;Citrusville, Florida ;Marvel Comics;168.46000000000001;55.460000000000001;F;1972;Blue;Blond;10;good
James T. Kirk;James T. Kirk;Riverside, Iowa, Earth;Star Trek;178.86000000000001;77.659999999999997;M;;Hazel;Brown;15;good
Jack Bauer;Kiefer Sutherland;Enola, Pennsylvania;;;;M;;;;;
Jack-Jack;Jack-Jack Parr;;Dark Horse Comics;71.730000000000004;14.67;M;2004;Blue;Brown;35;low
Jack of Hearts;Jonathan Hart;New Haven, Connecticut;Marvel Comics;155.18000000000001;79.280000000000001;M;1976;Blue / White;Brown;55;good
Isis;Adrianna Tomaz;;DC Comics;;;F;;;;50;good
James Bond;James Bond;;Titan Books;183.69;;M;;blue;Blond;15;high
Iron Man;Tony Stark;Long Island, New York;Marvel Comics;198.91;191.88;M;1963;Blue;Black;85;high
Iron Fist;Danny Rand;;Marvel Comics;180.56;79.560000000000002;M;1974;Blue;Blond;55;good
Ink;Eric Gitter;;Marvel Comics;180.62;81.859999999999999;M;2008;Blue;No Hair;30;moderate
Invisible Woman;Susan Storm Richards;Glenville, Long Island, New York ;Marvel Comics;168.33000000000001;54.920000000000002;F;;blue;Blond;10;high
Jar Jar Binks;Jar Jar Binks;Naboo;George Lucas;193.84;;M;;Yellow;;10;low
Impulse;Bartholomew Allen II;;DC Comics;170.30000000000001;65.829999999999998;M;1994;Yellow;Auburn;10;average
Indiana Jones;Indiana Jones;Princeton, New Jersey;George Lucas;183.78;79.760000000000005;M;1981;;;10;good
Iceman;Bobby Drake;Fort Washington, Long Island, New York ;Marvel Comics;173.93000000000001;65.579999999999998;M;;Brown;Brown;35;good
Hyperion;Mark Milton;;Marvel Comics;183.81999999999999;207.28999999999999;M;;Blue;Red;100;high
Iron Monger;Obadiah Stane;;Marvel Comics;;2.3399999999999999;M;;Blue;No Hair;65;high
Hybrid;Scott Washington;Bedford-Stuyvesant, Brooklyn, New York City;Marvel Comics;175.75999999999999;77.849999999999994;M;;Brown;Black;65;good
Husk;Paige Elisabeth Guthrie;Cumberland, Kentucky;Marvel Comics;170.84;58.07;F;1984;Blue;Blond;65;good
Huntress;Helena Rosa Bertinelli;;DC Comics;180.44;59.359999999999999;F;1989;Blue;Black;10;good
Human Torch;Johnny Storm;Glenville, Long Island, New York;Marvel Comics;178.71000000000001;77.829999999999998;M;1961;Blue;Blond;15;good
John Wraith;John Wraith;;Marvel Comics;183.09999999999999;88.5;M;1992;Brown;Black;15;good
Hydro-Man;Morris Bench;Bronx, New York;Marvel Comics;188.66999999999999;119.09;M;1981;Brown;Brown;15;moderate
Indigo;Iroque;;DC Comics;;;F;2008;;Purple;65;good
Howard the Duck;Howard (Last name unrevealed);New Stork, New Stork, Duckworld;Marvel Comics;79.349999999999994;18.449999999999999;M;;Brown;Yellow;;
Hollow;Monet St. Croix;;Marvel Comics;170.68000000000001;;F;1994;Blue;Red;;
Hope Summers;Hope Summers;;Marvel Comics;168.16999999999999;48.579999999999998;F;2008;Green;Red;10;good
Hiro Nakamura;Hiro Nakamura;Tokyo, Japan;NBC - Heroes;;;M;;;;15;good
Hulk;Bruce Banner;Dayton, Ohio;Marvel Comics;244.40000000000001;630.89999999999998;M;1962;Green;Green;100;high
Hellcat;Patricia Walker;Centerville, CA USA;Marvel Comics;173.47999999999999;61.479999999999997;F;1976;Blue;Red;15;good
Hellboy;Anung Un Rama;;Dark Horse Comics;259.69999999999999;158.56999999999999;M;1993;Gold;Black;55;good
Hela;;;Marvel Comics;213.5;225.81;F;;Green;Black;100;good
Heat Wave;Mick Rory;;DC Comics;180.80000000000001;81.569999999999993;M;1963;Blue;No Hair;10;moderate
Hawkwoman II;Sharon Parker;;DC Comics;;;F;;;;;
Hawkwoman;Shayera Hol;;DC Comics;175.12;54.340000000000003;F;1961;Green;Red;;
Hawkwoman III;Shayera Thal;;DC Comics;170.88999999999999;65.969999999999999;F;;Blue;Red;;
Hawkman;Carter Hall;;DC Comics;185.31999999999999;88.540000000000006;M;1940;Blue;Brown;65;good
Hercules;Heracles;Thebes, Greece;Marvel Comics;196.13999999999999;146.75999999999999;M;;Blue;Brown;100;good
Hellstorm;Daimon Hellstrom;Greentown, Massachusetts;Marvel Comics;185.02000000000001;81.450000000000003;M;;Red;Red;60;good
Hawkeye II;Katherine Elizabeth Bishop;New York City, New York;Marvel Comics;165.41999999999999;57.640000000000001;F;2005;Blue;Black;10;average
Hit-Girl;Mindy McCready;;Icon Comics;;;F;;;;10;average
Havok;Alexander Summers;Honolulu, Hawaii;Marvel Comics;183.74000000000001;79.519999999999996;M;;Blue;Blond;10;good
Harry Potter;Harry James Potter;;J. K. Rowling;;;M;;Green;Black;10;good
Hobgoblin;Roderick Kingsley;;Marvel Comics;180.16999999999999;83.489999999999995;M;;Blue;Grey;60;good
Harley Quinn;Harley Quinn;;DC Comics;170.31999999999999;63.229999999999997;F;1999;Blue;Blond;15;high
Hancock;John Hancock;;Sony Pictures;188.90000000000001;;M;;Brown;Black;90;good
Hawk;Henry Hall;;DC Comics;185.91;89.400000000000006;M;1968;Red;Brown;40;moderate
Han Solo;Han Solo;Corellia;George Lucas;183.09999999999999;79.329999999999998;M;1977;Brown;Brown;10;average
Hawkeye;Clint Barton;Waverly, Iowa;Marvel Comics;191.00999999999999;104.93000000000001;M;1964;Blue;Blond;15;average
Guardian;James Hudson;London, Ontario, Canada;Marvel Comics;;;M;;Brown;Black;;
Guy Gardner;Guy Gardner;Baltimore, Maryland ;DC Comics;188.06;95.319999999999993;M;;Blue;Red;90;moderate
Hawkgirl;Kendra Saunders;;DC Comics;175.09;61.93;F;1999;Green;Red;30;average
Green Goblin IV;Phillip Benjamin Urich;;Marvel Comics;178.94999999999999;79.859999999999999;M;1995;Green;Brown;;
Hal Jordan;Hal Jordan;Coast City, California;DC Comics;188.69;90.569999999999993;M;;Brown;Brown;90;good
Groot;Groot;;Marvel Comics;701.12;4.8200000000000003;M;1960;Yellow;;85;good
Green Goblin III;Barton Hamilton;;Marvel Comics;183.66;88.469999999999999;M;;;;;
Goliath IV;William Barrett Foster;Watts, Los Angeles, California ;Marvel Comics;183.18000000000001;90.200000000000003;M;2006;Brown;Black;;
Gorilla Grodd;Grodd;;DC Comics;198.44999999999999;270.63999999999999;M;1959;Yellow;Black;55;high
Granny Goodness;;Apokolips;DC Comics;178.22;115.84;F;;Blue;White;100;high
Gravity;Greg Willis;Sheboygan, Wisconsin;Marvel Comics;178.25999999999999;79.730000000000004;M;2005;Blue;Brown;35;average
Greedo;Greedo;Rodia;George Lucas;170.61000000000001;;M;;Purple;;10;moderate
Goliath;Hank Pym;;Marvel Comics;;;M;;;;;
Goliath;Erik Josten;;Marvel Comics;;;M;;;;;
Goliath;Clint Barton;;Marvel Comics;;;M;;;;;
Green Goblin;Norman Osborn;Hartford, Connecticut;Marvel Comics;180.83000000000001;83.400000000000006;M;1964;Blue;Auburn;50;high
Gog;;;DC Comics;;;M;1981;;;35;average
Goblin Queen;Madelyne Jennifer Pryor;Created in Sinister's Labs, Nebraska ;Marvel Comics;168.55000000000001;50.380000000000003;F;;Green;Red;10;good
Green Goblin II;Harold Osborn;New York City;Marvel Comics;178.97999999999999;77.019999999999996;M;;Blue;Auburn;55;good
Gladiator;Kallark;;Marvel Comics;198.37;268.52999999999997;M;;Blue;Blue;100;average
Giganta;Doris Zuel;;DC Comics;62.649999999999999;630.79999999999995;F;1944;Green;Red;90;high
Giant-Man II;;;Marvel Comics;;;M;;;;;
Ghost Rider II;Daniel Ketch;;Marvel Comics;;;;;;;70;average
Giant-Man;Hank Pym;;Marvel Comics;;;M;;;;;
Genesis;Tyler Dayspring;;Marvel Comics;185.66;86.170000000000002;M;1994;Blue;Blond;70;good
Goku;Kakarot;;Shueisha;175.49000000000001;62.020000000000003;M;;;;100;average
Green Arrow;Oliver Queen;;DC Comics;188.03;88.989999999999995;M;1941;Green;Blond;15;high
Garbage Man;Richard Ethan Morse;;DC Comics;;;M;2011;;;85;good
General Zod;Dru-Zod;Krypton;DC Comics;;;M;;Black;Black;100;high
Gary Bell;Gary Bell;;SyFy;;;M;;;;5;good
Gambit;Remy Etienne LeBeau;New Orleans, Louisiana;Marvel Comics;185.55000000000001;81.569999999999993;M;2006;Red;Brown;10;good
Ghost Rider;Johnny Blaze;Waukegan, Illinois;Marvel Comics;188.50999999999999;99.200000000000003;M;1972;Red;No Hair;55;average
Godzilla;Gojira;;;108.55;90.930000000000007;;1954;;;100;average
Gamora;Gamora Zen Whoberi Ben Titan;Planet Zen Whoberi, Silican System, Milky Way;Marvel Comics;183.65000000000001;77.769999999999996;F;1975;Yellow;Black;85;good
Galactus;Galan;"(Galan) Taa; (Galactus) the Cosmic Egg ";Marvel Comics;876.84000000000003;16.199999999999999;M;1966;Black;Black;100;high
Frenzy;Joanna Cargill;;Marvel Comics;211.40000000000001;104.42;F;;Brown;Black;55;good
Frigga;Frigga;Place of birth unknown;Marvel Comics;180.69999999999999;167.21000000000001;F;;Blue;White;;
Franklin Storm;Dr. Franklin Storm;Place of birth unknown;Marvel Comics;188.91;92.109999999999999;;;Blue;Grey;10;moderate
Franklin Richards;Franklin  Richards;New York, New York;Marvel Comics;142.41999999999999;45.299999999999997;M;;Blue;Blond;80;good
Forge;;Unrevealed, presumably in the American West;Marvel Comics;183.36000000000001;81.060000000000002;;;Brown;Black;10;good
Flash IV;Bartholomew Allen II;;DC Comics;157.27000000000001;52.490000000000002;M;2003;Yellow;Auburn;10;good
Flash II;Barry Allen;Fallville, Iowa;DC Comics;183.41;88.319999999999993;M;1956;Blue;Blond;50;high
Flash Gordon;Steven Gordon;;;;;M;1966;;;70;high
Flash III;Wally West;Blue Valley, Nebraska;DC Comics;183.88;86.489999999999995;M;1960;;;10;good
Firestorm;Ronald Raymond;;DC Comics;188.81;91.510000000000005;M;1978;Blue;Auburn;80;moderate
Fixer;Paul Norbert Ebersol;Dayton, Ohio;Marvel Comics;;;;;Red;No Hair;;
Firestar;Angelica Jones;Place of birth unknown;Marvel Comics;173.63;56.409999999999997;F;1985;Green;Red;10;average
Firebird;Bonita Juarez;Buena Vista, New Mexico;Marvel Comics;165.81;56.799999999999997;F;;Brown;Black;10;moderate
Fighting Spirit;Carol Carter;;DC Comics;;;F;;;Red;;
Fin Fang Foom;;;Marvel Comics;975.37;19.0;M;;Red;No Hair;85;average
Feral;Maria Callasantos;Place of birth unknown;Marvel Comics;175.71000000000001;50.729999999999997;;;Yellow (without irises);Orange / White;30;moderate
Flash;Jay Garrick;Hibbardsville, Kansas;DC Comics;180.86000000000001;81.069999999999993;M;1940;Blue;Brown / White;10;good
Fallen One II;;;Marvel Comics;;;M;;Black;Blue;85;high
Firelord;Pyreus Kril;Xander, planet in Tranta System, Andromeda Galaxy;Marvel Comics;193.13999999999999;99.180000000000007;;;White;Yellow;65;moderate
Faora;Faora Hu-Ul;;DC Comics;;;F;1977;;;95;high
Falcon;Sam Wilson;New York, New York;Marvel Comics;188.18000000000001;108.33;M;1969;Brown;Black;15;moderate
Fabian Cortez;Fabian Cortez;Place of birth unknown;Marvel Comics;196.69;96.019999999999996;;;Blue;Brown;;
Firestorm;Jason Rusch;;DC Comics;;;M;;Brown;Black;55;average
Exodus;Bennet du Paris ;;Marvel Comics;183.66;88.799999999999997;M;1993;Blue;Black;85;good
Evil Deadpool;Wade Wilson;;Marvel Comics;188.62;95.909999999999997;M;2011;White;Red;35;good
Ethan Hunt;Ethan Hunt;Madison, Wisconsin, United States of America;;168.69999999999999;;M;;Brown;Brown;15;good
Evilhawk;Dargin Bokk ;;Marvel Comics;191.25;106.78;M;1992;Red;Black;35;average
ERG-1;;;DC Comics;;;M;;;;;
Enchantress;June Moone;;DC Comics;168.99000000000001;57.719999999999999;F;;Blue;Blond;15;good
Etrigan;Jason Blood;Hell;DC Comics;193.75999999999999;203.5;M;1972;Red;No Hair;85;average
Emma Frost;Emma Frost;Boston, Massachusetts;Marvel Comics;178.97;65.549999999999997;F;;Blue;Blond;65;good
Elle Bishop;;;NBC - Heroes;;;F;;Blue;Blond;10;average
Elektra;Elektra Natchios;;Marvel Comics;175.21000000000001;59.909999999999997;F;;Blue;Black;15;good
Energy;;;HarperCollins;;;F;;;;60;good
Elongated Man;Ralph Dibny;;DC Comics;185.43000000000001;80.319999999999993;M;1960;Blue;Red;10;good
Elastigirl;Helen Parr;;Dark Horse Comics;168.31;56.490000000000002;F;2004;Brown;Brown;35;good
Ego;Ego;The Black Galaxy;Marvel Comics;;;;;;;80;high
Dr Manhattan;Jonathan Osterman;;DC Comics;;;M;1986;White;No Hair;100;high
Drax the Destroyer;Arthur Sampson Douglas;Burbank, California;Marvel Comics;193.00999999999999;306.42000000000002;M;1973;Red;No Hair;80;average
Dormammu;Dormammu;Faltine Dimension;Marvel Comics;185.69;;M;1964;Yellow;No Hair;95;high
Doomsday;Doomsday;Krypton;DC Comics;244.00999999999999;412.67000000000002;M;1992;Red;White;100;good
Donatello;;;IDW Publishing;;;M;;Green;No Hair;15;high
Doppelganger;;The Dimension of Manifestations;Marvel Comics;196.66;104.06999999999999;M;1992;White;No Hair;65;low
Electro;Maxwell Dillon;;Marvel Comics;180.16999999999999;74.319999999999993;M;1964;Blue;Auburn;10;good
Domino;Neena Thurman;Project: Armageddon base, Everglades, Florida ;Marvel Comics;173.81999999999999;54.409999999999997;F;1992;Blue;Black;10;good
Doctor Doom II;Kristoff Vernard;Doomstadt, Latveria ;Marvel Comics;201.44999999999999;132.11000000000001;M;;Brown;Brown;65;high
Doctor Doom;Victor von Doom;Haasenstadt, Latveria;Marvel Comics;201.52000000000001;187.41;M;1962;Brown;Brown;35;high
Doctor Fate;Kent Nelson;;DC Comics;188.81;89.450000000000003;M;1940;Blue;Blond;20;high
DL Hawkins;Daniel Lawrence Hawkins;;NBC - Heroes;;;M;;;;15;average
Diamondback;Willis Stryker;;Marvel Comics;193.34999999999999;90.709999999999994;M;1972;Brown;Black;20;average
Destroyer;;Created in Asgard;Marvel Comics;188.78999999999999;383.43000000000001;M;1965;;;95;average
Donna Troy;Donna Hinckley Stacey Troy;;DC Comics;175.44999999999999;63.119999999999997;F;1965;Blue;Black;95;high
Doc Samson;Leonard Samson;Tulsa, Oklahoma;Marvel Comics;198.63;171.86000000000001;M;1971;Blue;Green;80;good
Demogoblin;;;Marvel Comics;185.05000000000001;95.290000000000006;M;1992;Red;No Hair;50;average
Deathstroke;Slade Joseph Wilson;;DC Comics;193.87;101.98;M;1980;Blue;White;30;good
Doctor Strange;Stephen Strange;Philadelphia, Pennsylvania ;Marvel Comics;188.97999999999999;81.140000000000001;M;1963;Grey;Black;10;high
Deadpool;Wade Wilson;Canada ;Marvel Comics;188.0;95.319999999999993;M;1991;Brown;No Hair;35;good
Deadshot;Floyd Lawton;;DC Comics;185.55000000000001;91.150000000000006;M;1950;Brown;Brown;10;average
Doctor Octopus;Otto Octavius;Schenectady, New York;Marvel Comics;175.81;110.19;M;1963;Brown;Brown;50;high
Deadman;Boston Brand;;DC Comics;183.31;90.269999999999996;M;1967;Blue;Black;10;average
Data;Data;;Star Trek;;;M;;Yellow;Brown;35;high
Dazzler;Alison Blaire;Gardendale, Long Island, New York ;Marvel Comics;173.31999999999999;52.670000000000002;F;1980;Blue;Blond;10;good
Darth Vader;Anakin Skywalker;Tatooine;George Lucas;198.28999999999999;135.19999999999999;M;1977;Yellow;No Hair;50;good
Darkstar;Laynia Petrovna;Minks, USSR;Marvel Comics;168.97;56.270000000000003;F;1976;Brown;Blond;10;moderate
Darkside;;;;;;;;;;;
Darth Maul;;Dathomir;George Lucas;170.13;;M;1999;Yellow / Red;;50;average
Darkman;Peyton Westlake;;Universal Studios;;;M;1990;;;15;good
Darkseid;Uxas;;DC Comics;267.37;817.57000000000005;M;1970;Red;No Hair;100;high
Darkhawk;Christopher Powell;Queens, New York;Marvel Comics;185.18000000000001;81.439999999999998;M;1991;Brown;Brown;35;average
Dash;Dashiell Robert Parr;;Dark Horse Comics;122.83;27.309999999999999;M;2004;Blue;Blond;15;moderate
Dagger;Tandy Bowen;Shaker Heights, Ohio;Marvel Comics;165.69;52.890000000000001;F;;Blue;Blond;10;good
Deathlok;Luther Manning;;Marvel Comics;193.94999999999999;178.91999999999999;M;1974;Brown;Grey;35;good
Cyclops;Scott Summers;Anchorage, Alaska;Marvel Comics;191.06999999999999;88.099999999999994;M;1963;Brown;Brown;10;good
Cypher;Douglas Aaron Ramsey;Place of birth unknown;Marvel Comics;175.53999999999999;68.409999999999997;;;Blue;Blond;;
Cyborg Superman;Henry Henshaw;;DC Comics;;;M;1990;Blue;Black;95;good
Daphne Powell;Daphne Powell;;ABC Studios;;;F;2010;;;10;moderate
Cy-Gor;;;Image Comics;;;M;;;;100;average
Daredevil;Matt Murdock;New York City, New York;Marvel Comics;183.68000000000001;90.450000000000003;M;1964;Blue;Red;15;good
Danny Cooper;;;HarperCollins;;;M;;Brown;Blond;;
Crimson Dynamo;Anton Vanko;;Marvel Comics;180.77000000000001;104.54000000000001;M;1963;Brown;No Hair;65;good
Cyborg;Victor Stone;New York City, New York;DC Comics;198.12;173.81;M;1980;Brown;Black;55;good
Corsair;Christopher Summers;;Marvel Comics;191.55000000000001;79.590000000000003;M;;Brown;Brown;;
Cottonmouth;Burchell Clemens;;Marvel Comics;183.34;99.170000000000002;M;1985;Brown;Black;10;average
Copycat;Vanessa Carlysle;;Marvel Comics;183.47;67.549999999999997;F;1991;Red;White;10;average
Curse;Phillip Krahn;;Image Comics;;;M;;;;;
Colossus;Piotr Nikolaievitch Rasputin;Ust-Ordynski Collective, near Lake Baikal, Siberia, Russia ;Marvel Comics;226.13;225.52000000000001;M;1975;Silver;Black;85;good
Cogliostro;Cain;;Image Comics;;;M;;;;65;good
Crimson Crusader;Rory Destine;Ravenscroft, England ;Marvel Comics;;;M;1994;Blue;Strawberry Blond;60;average
Clock King;William Tockman;;DC Comics;178.06;78.019999999999996;M;1960;Blue;Black;10;good
Cloak;Tyrone Johnson;South Boston, Massachusetts;Marvel Comics;226.41;70.430000000000007;M;;brown;black;10;good
Clea;Clea;The Dark Dimension;Marvel Comics;;;;;;White;;
Citizen Steel;Nathan Heywood;;DC Comics;183.21000000000001;170.62;M;2007;Green;Red;95;average
Colossal Boy;;;DC Comics;;;M;;;;;
Chromos;Bernard Embers;London, England;Team Epic TV;185.44999999999999;86.299999999999997;M;;Brown;Red / Grey;;
Cheetah III;Barbara Minerva;;DC Comics;175.91;54.75;F;1987;Brown;Brown;100;high
Crystal;Crystallia Amaquelin;Attilan ;Marvel Comics;168.93000000000001;50.380000000000003;F;1965;Green;Red;20;good
Cheetah;Priscilla Rich;;DC Comics;163.30000000000001;50.100000000000001;F;1943;Green;Blond;10;moderate
Cheetah II;Deborah Domaine;;DC Comics;170.55000000000001;55.240000000000002;F;1980;Green;Brown;20;moderate
Chuck Norris;Carlos Ray Norris;Ryan, Oklahoma, United States;;178.53;;M;;;;80;average
Claire Bennet;Claire Bennet;;NBC - Heroes;;;F;;Blue;Blond;10;moderate
Changeling;Kevin Sidney;;Marvel Comics;180.78;81.549999999999997;M;1967;Brown;Black;10;good
Cecilia Reyes;Dr. Cecilia Reyes;Place of birth unknown;Marvel Comics;170.63;62.270000000000003;;1997;Brown;Brown;;
Catwoman;Selina Kyle;Gotham City;DC Comics;175.09999999999999;61.490000000000002;F;;Green;Black;15;good
Cat II;;;Marvel Comics;;;F;;;;;
Century;;;Marvel Comics;201.80000000000001;97.810000000000002;M;1994;White;White;80;high
Cat;Shirlee Bryant;Chicago, Illinois;Marvel Comics;173.65000000000001;61.579999999999998;F;;Blue;Blond;90;high
Carnage;Cletus Kasady;;Marvel Comics;185.75999999999999;86.120000000000005;M;1991;Green;Red;65;good
Captain Universe;;;Marvel Comics;;;;1979;;;95;high
Captain Planet;;;Marvel Comics;;;M;;Red;Green;90;average
Captain Marvel II;Frederick Christopher Freeman;;DC Comics;175.94999999999999;74.450000000000003;M;1995;Blue;Black;85;good
Captain Midnight;;;Dark Horse Comics;;;M;;;;;
Chamber;Jonothon Evan Starsmore;United Kingdom;Marvel Comics;175.97999999999999;63.82;M;1994;Brown;Brown;10;average
Captain Marvel;Carol Danvers;Boston, Massachusetts;Marvel Comics;180.91999999999999;74.230000000000004;F;;Blue;Blond;90;high
Captain Mar-vell;Mar-Vell;The city of Rad-Nam on the planet Kree-Lar in the Kree Galaxy (Greater Magellanic Cloud);Marvel Comics;188.05000000000001;108.86;M;;Blue;Blond;;
Captain Cold;Leonard Snart;;DC Comics;;;M;2012;Brown;Brown;10;average
Cerebra;Shakti Haddad;;Marvel Comics;;;F;1993;;;60;good
Captain Britain;Brian Braddock;Braddock Manor, England;Marvel Comics;198.91999999999999;116.08;M;1976;Blue;Blond;80;good
Captain Atom;Nathaniel Adam;;DC Comics;193.68000000000001;90.329999999999998;M;;Blue;Silver;95;high
Chameleon;Dmitri Anatoly Smerdyakov Kravinoff;Russia;DC Comics;;;M;;;;10;high
Captain Epic;;Canada;Team Epic TV;188.16999999999999;;M;;Blue;Brown;;
Cameron Hicks;;;SyFy;;;M;;;;10;average
Cannonball;Samuel Zachery Guthrie;Cumberland County, Kentucky ;Marvel Comics;183.69999999999999;81.700000000000003;M;1982;Blue;Blond;30;average
Cable;Nathan Summers;Unrevealed location in the 20th Century United States;Marvel Comics;203.08000000000001;158.59;M;;Blue;White;50;high
Captain Hindsight;Jack Brolin;;South Park;;;M;;;Black;10;moderate
Callisto;Callisto;;Marvel Comics;175.81;74.400000000000006;F;;Blue;Black;55;good
Bumblebee;Karen Beecher;;DC Comics;170.47999999999999;59.460000000000001;F;;Brown;Black;30;good
Bullseye;Lester;;Marvel Comics;183.08000000000001;90.670000000000002;M;1976;blue;blond;15;average
Captain America;Steve Rogers;Manhattan, New York City, New York;Marvel Comics;188.00999999999999;108.94;M;1941;blue;blond;20;good
Bumbleboy;;;Marvel Comics;;;M;;;;;
Brainiac 5;Querl Dox;;DC Comics;170.91;61.939999999999998;M;;Green;Blond;10;high
Brundlefly;Seth Brundle;;;193.22;;M;1986;;;35;good
Brainiac;Vril Dox;;DC Comics;198.56999999999999;135.65000000000001;M;1958;Green;No Hair;95;high
Buffy;Buffy Anne Summers;;Dark Horse Comics;157.62;52.189999999999998;F;;Green;Blond;30;good
Box IV;Madison Jeffries;Place of birth unknown;Marvel Comics;;;;;Brown;Brown / Black;75;average
Bushido;Ryuko Orsono;;DC Comics;;;M;;;;10;moderate
Boomer;;;Marvel Comics;;;F;;;;;
Boom-Boom;Tabitha Smith;;Marvel Comics;165.38999999999999;55.369999999999997;F;;Blue;Blond;10;moderate
Bomb Queen;;;Image Comics;;;F;2006;;;75;good
Box;Roger Bochs;;Marvel Comics;;;M;;;;;
Boba Fett;;Kamino;George Lucas;183.09;;M;;Brown;Black;10;good
Brother Voodoo;Jericho Drumm;Port-au-Prince, Haiti;Marvel Comics;183.72999999999999;99.790000000000006;M;1973;Brown;Brown / White;65;high
Blue Beetle III;Jaime Reyes;Presumed to be El Paso;DC Comics;;;M;2006;Brown;Black;35;average
Box III;Dr. Walter Langowski;British Columbia;Marvel Comics;193.28;110.98999999999999;;;Blue;Blond;;
Blue Beetle;;;DC Comics;;;M;;;;;
Blue Beetle;Daniel Garrett;;DC Comics;;;M;;Blue;Brown;;
Bloodwraith;Sean Dolan;;Marvel Comics;30.949999999999999;;M;1993;White;No Hair;75;average
Bloodaxe;Jackie Lukus;;Marvel Comics;218.06999999999999;495.32999999999998;F;;Blue;Brown;80;good
Blob;Frederick J. Dukes;Lubbock, Texas ;Marvel Comics;178.58000000000001;230.50999999999999;M;1964;Brown;Brown;85;low
Blizzard II;Donald Gill;Newark, Delaware;Marvel Comics;175.15000000000001;77.939999999999998;M;1987;Brown;Brown;10;moderate
Blizzard;Gregor Shapanka;;Marvel Comics;;;M;;;Brown;;
Blizzard;;;Marvel Comics;;;M;;;;;
Blue Beetle II;Theodore Kord;Chicago, Illinois;DC Comics;183.84999999999999;86.890000000000001;M;1966;Blue;Brown;50;high
Blink;Clarice Ferguson;Bahamas;Marvel Comics;165.41;56.670000000000002;F;1994;Green;Magenta;10;average
Booster Gold;Michael Jon Carter;Gotham City, 25th Century;DC Comics;196.00999999999999;97.969999999999999;M;;Blue;Blond;85;good
Blaquesmith;;;Marvel Comics;;;;;Black;No Hair;;
Bolt;;;Marvel Comics;;;M;;;;;
Bling!;Roxanne Washington ;;Marvel Comics;168.31;68.359999999999999;F;2005;;;15;good
Blackwulf;Lucian;Armechadon;Marvel Comics;188.16999999999999;88.640000000000001;M;1994;Red;White;30;average
Black Widow II;Yelena Belova;;Marvel Comics;170.25;61.850000000000001;F;;Blue;Blond;;
Blade;Eric Brooks;Soho, London,England;Marvel Comics;188.44999999999999;97.400000000000006;M;1973;Brown;Black;30;good
Blackout;;;Marvel Comics;191.19999999999999;104.09;M;1990;Red;White;35;good
Bloodhawk;Lemuel Krug;;Marvel Comics;;;M;2099;Black;No Hair;10;average
Blackwing;Joseph Manfredi;Professional Criminal;Marvel Comics;185.56;86.010000000000005;M;1975;Blue;Black;10;moderate
Black Mamba;Tanya Sealy;Chicago, Illinois;Marvel Comics;170.16999999999999;52.619999999999997;F;;Green;Black;10;good
Black Lightning;Jefferson Pierce;;DC Comics;185.34999999999999;90.590000000000003;M;1977;Brown;No Hair;15;average
Black Widow;Natasha Romanoff;;Marvel Comics;170.78999999999999;59.340000000000003;F;;Green;Auburn;15;good
Black Goliath;;;Marvel Comics;;;M;;;;;
Black Cat;Felicia Hardy;Queens, New York;Marvel Comics;178.87;54.640000000000001;F;1979;Green;Blond;20;good
Black Flash;;;DC Comics;;;M;;;;10;average
Black Canary;Laurel Lance;;DC Comics;170.19999999999999;59.960000000000001;F;;Blue;Blond;10;good
Black Bolt;Blackagar Boltagon;Attilan, Atlantic Ocean ;Marvel Comics;188.97999999999999;95.799999999999997;M;1965;Blue;Black;70;good
Black Adam;Teth-Adam;Kahndaq, Egypt;DC Comics;191.41;113.34;M;1945;Brown;Black;100;high
Black Canary;Dinah Drake Lance;;DC Comics;165.36000000000001;58.649999999999999;F;1947;Blue;Blond;10;good
Bizarro;Bizarro;;DC Comics;191.0;155.56999999999999;M;1958;Black;Black;95;moderate
Black Abbott;;;Marvel Comics;;;M;1984;Red;Black;;
Bishop;Lucas Bishop;A mutant relocation camp in an undisclosed location on an alternate 21st Century Earth;Marvel Comics;198.68000000000001;124.27;M;1991;Brown;No Hair;15;good
Birdman;Ray Randal;;Hanna-Barbera;;;M;1967;;;55;high
Bird-Man;Henry Hawk;;Marvel Comics;;;M;1965;;;;
Bird-Man II;Achille DiBacco;The Bar with No Name, Medina County, Ohio ;Marvel Comics;;;M;1979;;;;
Bird-Brain;;;Marvel Comics;;;;1987;;;10;moderate
Black Manta;David;;DC Comics;188.12;92.780000000000001;M;1967;Black;No Hair;30;good
Binary;Carol Danvers;Boston, Massachusetts;Marvel Comics;180.34;54.359999999999999;F;;Blue;Blond;;
Billy Kincaid;Billy Kincaid;;Image Comics;;;M;1992;;;;
Bill Harken;;;SyFy;;;M;;;;40;good
Black Knight III;Dane Whitman;Gloucester, Massachusetts ;Marvel Comics;183.5;86.989999999999995;M;1967;Brown;Brown;10;good
Big Daddy;Damon Macready;;Icon Comics;;;M;;;;10;moderate
Big Man;Frederick Foswell;;Marvel Comics;165.33000000000001;71.0;M;1964;Blue;Brown;15;good
Big Barda;Barda Free;;DC Comics;188.53;135.38;F;;Blue;Black;100;high
Bionic Woman;Jamie Sommers;;;;;F;;Blue;Black;40;average
Ben 10;Benjamin Kirby Tennyson;;DC Comics;;;M;;;;10;low
Beta Ray Bill;Beta Ray Bill (translation of his Korbinite name);Burning Galaxy;Marvel Comics;201.30000000000001;216.72999999999999;M;;;No Hair;80;good
Beetle;;;Marvel Comics;;;M;;;;;
Beast;Henry Philip McCoy;Dunfee, Illinois;Marvel Comics;180.84999999999999;181.72999999999999;M;;Blue;Blue;50;high
Beast Boy;Garfield Mark Logan;;DC Comics;173.62;68.989999999999995;M;1965;Green;Green;30;average
Batwoman V;Katherine Rebecca Kane;;DC Comics;178.13999999999999;;F;2006;Green;Red;10;high
Batman II;Dick Grayson;;DC Comics;178.06999999999999;79.25;M;;Blue;Black;15;high
Batman;Terry McGinnis;Gotham City, 25th Century;DC Comics;178.03999999999999;77.879999999999995;M;;Blue;Black;40;high
Battlestar;Lemar Hoskins ;Chicago, Illinois ;Marvel Comics;198.53999999999999;133.03999999999999;M;1986;Brown;Black;55;average
Beyonder;;Created in the Beyond ;Marvel Comics;;;M;;;;100;high
Batgirl V;Charlotte Gage-Radcliffe;;DC Comics;;;F;;;;;
Batgirl III;Helena Rosa Bertinelli;;DC Comics;;;F;;;;;
Batman;Bruce Wayne;"Crest Hill, Bristol Township; Gotham County";DC Comics;188.97;95.219999999999999;M;;blue;black;20;high
Batgirl VI;Stephanie Brown;;DC Comics;168.28999999999999;61.82;F;2009;Blue;Blond;10;good
Batgirl;Barbara Gordon;;DC Comics;170.12;57.100000000000001;F;;Green;Red;15;high
Batgirl;Mary Elizabeth Kane;;DC Comics;;;F;;;;30;average
Bantam;Roberto Velasquez;;Marvel Comics;165.80000000000001;54.600000000000001;M;2006;Brown;Black;55;moderate
Banshee;Sean Cassidy;Cassidy Keep, Ireland;Marvel Comics;183.74000000000001;77.269999999999996;M;1967;Green;Strawberry Blond;10;average
Black Panther;T'Challa;Wakanda, Africa;Marvel Comics;183.03;90.5;M;1966;Brown;Black;20;high
Azrael;Michael Washington Lane;Gotham City ;DC Comics;;;M;2008;Brown;Black;20;good
Aztar;Aztar;;DC Comics;;;M;1940;;;100;high
Beak;Barnell Bohusk ;Cheverly, Maryland ;Marvel Comics;175.30000000000001;63.090000000000003;M;;Black;White;;
Aurora;Jeanne-Marie Beaubier;Montreal, Quebec, Canada ;Marvel Comics;180.81;63.479999999999997;F;1979;Blue;Black;10;good
Azazel;;Isla des Demonas, Caribbean Sea;Marvel Comics;183.16;67.489999999999995;M;2003;Yellow;Black;15;average
Atom II;Ray Palmer;;DC Comics;183.43000000000001;81.349999999999994;M;;Brown;Auburn;10;high
Atom IV;Ryan Choi;;DC Comics;;72.069999999999993;M;;Brown;Black;;
Batgirl IV;Cassandra Cain;League of Assassins (exact base is unknown);DC Comics;165.31999999999999;52.560000000000002;F;;Green;Black;15;good
Atom;;;DC Comics;;;M;;;;;
Atom Girl;Salu Digby;;DC Comics;168.68000000000001;54.07;F;2004;Black;Black;10;moderate
Atlas;;Crystal Mountain;DC Comics;198.21000000000001;126.66;M;;Blue;Brown;100;good
Atom;Albert Pratt;;DC Comics;178.72999999999999;68.890000000000001;M;;Blue;Red;;
Arsenal;Roy William Harper, Jr.;;DC Comics;;;M;;;;;
Atlas;Erik Josten;Milwaukee, Wisconsin;Marvel Comics;183.09;101.66;M;;Brown;Red;80;good
Armor;Hisako Ichiki;;Marvel Comics;163.33000000000001;50.390000000000001;F;2004;Black;Black;65;average
Bane;;;DC Comics;203.22;180.47999999999999;M;1993;;;40;high
Ardina;Ardina;;Marvel Comics;193.97999999999999;98.680000000000007;F;;White;Orange;100;good
Arclight;Philippa Sontag;Vietnam;Marvel Comics;173.43000000000001;57.25;F;1986;Violet;Purple;65;moderate
Ares;;;Marvel Comics;185.28;270.30000000000001;M;;Brown;Brown;85;good
Archangel;Warren Kenneth Worthington III ;Centerport, Long Island, New York ;Marvel Comics;183.81999999999999;68.629999999999995;M;1963;Blue;Blond;15;good
Astro Boy;Atom;;;;;M;;Brown;Black;95;average
Atom III;Adam Cray;;DC Comics;;;M;;;Red;;
Aqualad;Garth;Poseidonis, Atlantis;DC Comics;178.88999999999999;106.83;M;1960;Blue;Black;45;good
Ariel;Ariel;;Marvel Comics;165.34999999999999;59.170000000000002;F;1987;Purple;Pink;10;average
Aquababy;Arthur Curry, Jr.;;DC Comics;;;M;1965;Blue;Blond;20;low
Aquaman;Orin;Atlantis;DC Comics;185.71000000000001;146.96000000000001;M;1941;Blue;Blond;85;high
Apocalypse;En Sabah Nur;Akkaba, Egypt ;Marvel Comics;213.77000000000001;135.62;M;1986;Red;Black;100;high
Anti-Monitor;;Moon of Qward;DC Comics;61.369999999999997;;M;;Yellow;No Hair;100;high
Ant-Man II;Scott Lang;Coral Gables, Florida;Marvel Comics;183.66999999999999;86.280000000000001;M;1979;Blue;Blond;20;good
Anti-Venom;Eddie Brock;San Francisco, California;Marvel Comics;229.46000000000001;358.05000000000001;M;;Blue;Blond;60;good
Anti-Spawn;Jason Wynn;;Image Comics;;;M;;;;60;good
Annihilus;Annihilus;Planet of Arthros, Sector 17A, Negative Zone;Marvel Comics;180.94;90.109999999999999;M;1968;Green;No Hair;80;good
Angel;Warren Kenneth Worthington III;Centerport, Long Island, New York ;Marvel Comics;183.05000000000001;68.989999999999995;M;1969;Blue;Blond;15;good
Ammo;;;Marvel Comics;188.93000000000001;101.09;M;1988;Brown;Black;;
Arachne;Julia Carpenter;Los Angeles, California;Marvel Comics;175.15000000000001;63.75;F;;Blue;Blond;50;average
Angel;Liam;;Dark Horse Comics;;;M;;;;30;good
Allan Quatermain;;;Wildstorm;;;M;;;;;
Alien;Xenomorph;Your chest :);Dark Horse Comics;244.30000000000001;169.66;M;1979;;No Hair;30;average
Alfred Pennyworth;Alfred Thaddeus Crane Pennyworth;;DC Comics;178.25999999999999;72.980000000000004;M;1943;Blue;Black;10;good
Ando Masahashi;Ando Masahashi;;NBC - Heroes;;;M;;;;;
Alex Woolsly;Alex Woolsly;;NBC - Heroes;;;M;;;;40;average
Alan Scott;Alan Ladd Wellington Scott;Gotham City;DC Comics;180.97999999999999;90.810000000000002;M;1940;Blue;Blond;80;good
Amazo;;;DC Comics;257.49000000000001;173.94999999999999;M;1960;Red;;100;good
Ant-Man;Hank Pym;Elmsford, New York;Marvel Comics;211.74000000000001;122.44;M;1962;Blue;Blond;20;high
Ajax;Francis;;Marvel Comics;193.34;90.629999999999995;M;1998;Brown;Black;50;average
Alex Mercer;Alexander J. Mercer;;Wildstorm;;;M;;;;80;average
